100 ; SimpleJointUW.topo.sh ; 1.030732232
101 ; Weights.topo.sh ; 2.27279644
102 ; SimpleJointUW.topo.sh ; 1.029772264
103 ; Weights.topo.sh ; 2.2709963626666667
104 ; SimpleJointUW.topo.sh ; 1.04189532
105 ; Weights.topo.sh ; 2.018401589333333
106 ; SimpleJointUW.topo.sh ; 1.0294664186666667
107 ; Weights.topo.sh ; 2.2703404586666664
